{"haley":1473.4834199410236,"pmybqholto":1526.856274797828,"lumenadi":1462.7445802092523,"tryhard0331":1397.4885409182448,"dropitlikeitsbox":1514.5220386560766,"rccsr":1495.4047954154519,"thecanadianmoose":1703.072395379606,"xylobi":1471.8566612693467,"downbad minor":1602.907649582135,"pioushippo":1564.1604819849954,"yahboiduane":1605.188061052252,"doomgeek":1495.4487751418335,"kash4null":1544.053447633207,"sharpkaze":1557.0669823076112,"zqmdfg":1628.2998823999417,"bloodysundaé":1515.736374633458,"ir0n":1633.5818851551594,"dwyane":1515.01899974558,"datonedude23":1513.5966898756628,"sexualpancake":1610.7310806644327,"namelrrelevant":1542.6527934294575,"cmoneyseemoney":1512.6706971864267,"hector1747":1463.8094451139098,"relia wylder":1555.9229622932712}